<?xml version="1.0" encoding="UTF-8"?>
<jcr:root xmlns:sling="http://sling.apache.org/jcr/sling/1.0" xmlns:cq="http://www.day.com/jcr/cq/1.0" xmlns:jcr="http://www.jcp.org/jcr/1.0" xmlns:nt="http://www.jcp.org/jcr/nt/1.0"
    jcr:primaryType="cq:Page">
    <jcr:content
        cq:lastModified="{Date}2021-10-11T14:30:58.039+02:00"
        cq:lastModifiedBy="admin"
        cq:products="VD09"
        cq:productsType="combinedSku"
        cq:template="/conf/venia/settings/wcm/templates/xf-web-variation"
        cq:xfMasterVariation="{Boolean}true"
        cq:xfVariantType="web"
        jcr:primaryType="cq:PageContent"
        jcr:title="Marketing Content"
        sling:resourceType="venia/components/xfpage"
        fragmentLocation="bottom">
        <root
            jcr:primaryType="nt:unstructured"
            sling:resourceType="venia/components/container"
            layout="responsiveGrid">
            <text_1179485923
                jcr:created="{Date}2021-10-11T14:24:41.556+02:00"
                jcr:createdBy="admin"
                jcr:lastModified="{Date}2021-10-11T14:30:57.969+02:00"
                jcr:lastModifiedBy="admin"
                jcr:primaryType="nt:unstructured"
                sling:resourceType="venia/components/text"
                text="&lt;p>&amp;nbsp;&lt;/p>&#xd;&#xa;&lt;p>&lt;b>Gallery&lt;/b>&lt;/p>&#xd;&#xa;&lt;p>&amp;nbsp;&lt;/p>&#xd;&#xa;"
                textIsRich="true"/>
            <image
                jcr:createdBy="admin"
                jcr:lastModified="{Date}2021-10-11T14:13:06.288+02:00"
                jcr:lastModifiedBy="admin"
                jcr:primaryType="nt:unstructured"
                sling:resourceType="venia/components/image"
                fileReference="/content/dam/venia/shop_the_latest_image1.jpg">
                <cq:responsive jcr:primaryType="nt:unstructured">
                    <default
                        jcr:primaryType="nt:unstructured"
                        offset="0"
                        width="6"/>
                </cq:responsive>
            </image>
            <image_880932412
                jcr:created="{Date}2021-10-11T14:13:10.571+02:00"
                jcr:createdBy="admin"
                jcr:lastModified="{Date}2021-10-11T14:13:10.571+02:00"
                jcr:lastModifiedBy="admin"
                jcr:primaryType="nt:unstructured"
                sling:resourceType="venia/components/image"
                fileReference="/content/dam/venia/landing_page_image3.jpg">
                <cq:responsive jcr:primaryType="nt:unstructured">
                    <default
                        jcr:primaryType="nt:unstructured"
                        offset="0"
                        width="6"/>
                </cq:responsive>
            </image_880932412>
            <text
                jcr:created="{Date}2021-10-11T14:08:28.649+02:00"
                jcr:createdBy="admin"
                jcr:lastModified="{Date}2021-10-11T14:26:48.305+02:00"
                jcr:lastModifiedBy="admin"
                jcr:primaryType="nt:unstructured"
                sling:resourceType="venia/components/text"
                text="&lt;p>An elegant dress for dinner.&lt;/p>&#xd;&#xa;"
                textIsRich="true">
                <cq:responsive jcr:primaryType="nt:unstructured">
                    <default
                        jcr:primaryType="nt:unstructured"
                        offset="0"
                        width="6"/>
                </cq:responsive>
            </text>
            <text_262470079
                jcr:created="{Date}2021-10-11T14:24:57.057+02:00"
                jcr:createdBy="admin"
                jcr:lastModified="{Date}2021-10-11T14:26:31.630+02:00"
                jcr:lastModifiedBy="admin"
                jcr:primaryType="nt:unstructured"
                sling:resourceType="venia/components/text"
                text="&lt;p>A comfortable dress for a walk.&lt;/p>&#xd;&#xa;"
                textIsRich="true">
                <cq:responsive jcr:primaryType="nt:unstructured">
                    <default
                        jcr:primaryType="nt:unstructured"
                        offset="0"
                        width="6"/>
                </cq:responsive>
            </text_262470079>
        </root>
        <cq:metadata jcr:primaryType="nt:unstructured"/>
    </jcr:content>
</jcr:root>
