<?xml version="1.0" encoding="UTF-8"?>
<jcr:root xmlns:sling="http://sling.apache.org/jcr/sling/1.0" xmlns:cq="http://www.day.com/jcr/cq/1.0" xmlns:jcr="http://www.jcp.org/jcr/1.0" xmlns:nt="http://www.jcp.org/jcr/nt/1.0"
    jcr:primaryType="cq:Page">
    <jcr:content
        cq:contextHubPath="/etc/cloudsettings/default/contexthub"
        cq:contextHubSegmentsPath="/etc/segmentation/contexthub"
        cq:lastModified="{Date}2021-08-03T11:44:15.934+02:00"
        cq:lastModifiedBy="admin"
        cq:template="/conf/venia/settings/wcm/templates/category-page"
        jcr:primaryType="cq:PageContent"
        jcr:title="Shop the look"
        sling:resourceType="venia/components/page"
        includesSubCategories="false"
        pwaCachestrategy="staleWhileRevalidate"
        pwaDisplay="standalone"
        pwaOrientation="any"
        selectorFilter="shop-the-look"
        selectorFilterType="urlPath">
        <root
            jcr:primaryType="nt:unstructured"
            sling:resourceType="venia/components/container">
            <container
                jcr:primaryType="nt:unstructured"
                sling:resourceType="venia/components/container">
                <container
                    jcr:primaryType="nt:unstructured"
                    sling:resourceType="venia/components/container"
                    layout="responsiveGrid">
                    <image
                        jcr:created="{Date}2021-08-03T11:36:34.783+02:00"
                        jcr:createdBy="admin"
                        jcr:lastModified="{Date}2021-08-03T11:36:34.783+02:00"
                        jcr:lastModifiedBy="admin"
                        jcr:primaryType="nt:unstructured"
                        sling:resourceType="venia/components/image"
                        fileReference="/content/dam/venia/shop_the_latest_image1.jpg">
                        <cq:responsive jcr:primaryType="nt:unstructured">
                            <default
                                jcr:primaryType="nt:unstructured"
                                offset="0"
                                width="6"/>
                        </cq:responsive>
                    </image>
                    <image_1550166706
                        jcr:created="{Date}2021-08-03T11:37:51.348+02:00"
                        jcr:createdBy="admin"
                        jcr:lastModified="{Date}2021-08-03T11:37:51.348+02:00"
                        jcr:lastModifiedBy="admin"
                        jcr:primaryType="nt:unstructured"
                        sling:resourceType="venia/components/image"
                        fileReference="/content/dam/venia/shop_the_latest_image2.jpg">
                        <cq:responsive jcr:primaryType="nt:unstructured">
                            <default
                                jcr:primaryType="nt:unstructured"
                                offset="0"
                                width="6"/>
                        </cq:responsive>
                    </image_1550166706>
                    <productlist
                        jcr:created="{Date}2021-08-03T11:39:21.795+02:00"
                        jcr:createdBy="admin"
                        jcr:lastModified="{Date}2021-08-03T11:39:21.795+02:00"
                        jcr:lastModifiedBy="admin"
                        jcr:primaryType="nt:unstructured"
                        sling:resourceType="venia/components/commerce/productlist">
                        <cq:responsive jcr:primaryType="nt:unstructured">
                            <default
                                jcr:primaryType="nt:unstructured"
                                behavior="hide"/>
                        </cq:responsive>
                    </productlist>
                    <container
                        jcr:created="{Date}2021-08-03T11:43:46.985+02:00"
                        jcr:createdBy="admin"
                        jcr:lastModified="{Date}2021-08-03T11:43:46.985+02:00"
                        jcr:lastModifiedBy="admin"
                        jcr:primaryType="nt:unstructured"
                        sling:resourceType="venia/components/container">
                        <cq:responsive jcr:primaryType="nt:unstructured">
                            <default
                                jcr:primaryType="nt:unstructured"
                                offset="0"
                                width="6"/>
                        </cq:responsive>
                        <productteaser
                            jcr:created="{Date}2021-08-03T11:44:14.119+02:00"
                            jcr:createdBy="admin"
                            jcr:lastModified="{Date}2021-08-03T11:44:14.119+02:00"
                            jcr:lastModifiedBy="admin"
                            jcr:primaryType="nt:unstructured"
                            sling:resourceType="venia/components/commerce/productteaser"
                            selection="VD04">
                            <cq:responsive jcr:primaryType="nt:unstructured">
                                <default
                                    jcr:primaryType="nt:unstructured"
                                    offset="4"
                                    width="4"/>
                            </cq:responsive>
                        </productteaser>
                    </container>
                    <container_1864064464
                        jcr:created="{Date}2021-08-03T11:44:01.126+02:00"
                        jcr:createdBy="admin"
                        jcr:lastModified="{Date}2021-08-03T11:44:01.126+02:00"
                        jcr:lastModifiedBy="admin"
                        jcr:primaryType="nt:unstructured"
                        sling:resourceType="venia/components/container">
                        <cq:responsive jcr:primaryType="nt:unstructured">
                            <default
                                jcr:primaryType="nt:unstructured"
                                offset="0"
                                width="6"/>
                        </cq:responsive>
                        <productteaser
                            jcr:created="{Date}2021-08-03T11:44:15.921+02:00"
                            jcr:createdBy="admin"
                            jcr:lastModified="{Date}2021-08-03T11:44:15.921+02:00"
                            jcr:lastModifiedBy="admin"
                            jcr:primaryType="nt:unstructured"
                            sling:resourceType="venia/components/commerce/productteaser"
                            selection="VD03">
                            <cq:responsive jcr:primaryType="nt:unstructured">
                                <default
                                    jcr:primaryType="nt:unstructured"
                                    offset="4"
                                    width="4"/>
                            </cq:responsive>
                        </productteaser>
                    </container_1864064464>
                </container>
            </container>
        </root>
    </jcr:content>
</jcr:root>
