<?xml version="1.0" encoding="UTF-8"?>
<jcr:root xmlns:sling="http://sling.apache.org/jcr/sling/1.0" xmlns:cq="http://www.day.com/jcr/cq/1.0" xmlns:jcr="http://www.jcp.org/jcr/1.0" xmlns:nt="http://www.jcp.org/jcr/nt/1.0"
    jcr:primaryType="cq:Page">
    <jcr:content
        cq:lastModified="{Date}2021-02-24T15:59:33.287+02:00"
        cq:lastModifiedBy="admin"
        cq:tags="[]"
        cq:template="/conf/venia/settings/wcm/templates/xf-web-variation"
        cq:xfMasterVariation="{Boolean}true"
        cq:xfVariantType="web"
        jcr:primaryType="cq:PageContent"
        jcr:title="Footer"
        sling:resourceType="venia/components/xfpage">
        <root
            jcr:primaryType="nt:unstructured"
            sling:resourceType="venia/components/container"
            layout="responsiveGrid">
            <container
                cq:styleIds="[1597902980391,1597907315954]"
                jcr:primaryType="nt:unstructured"
                sling:resourceType="venia/components/container"
                layout="responsiveGrid">
                <text_197302128_copy
                    jcr:primaryType="nt:unstructured"
                    sling:resourceType="venia/components/text"
                    text="&lt;p>&amp;nbsp;&lt;/p>&#xd;&#xa;&lt;p>&lt;b>Account&lt;/b>&lt;/p>&#xd;&#xa;&lt;p>&amp;nbsp;&lt;/p>&#xd;&#xa;&lt;p>Sign In&lt;/p>&#xd;&#xa;&lt;p>&amp;nbsp;&lt;/p>&#xd;&#xa;&lt;p>Register&lt;/p>&#xd;&#xa;&lt;p>&amp;nbsp;&lt;/p>&#xd;&#xa;&lt;p>Order Status&lt;/p>&#xd;&#xa;&lt;p>&amp;nbsp;&lt;/p>&#xd;&#xa;&lt;p>Returns&lt;/p>&#xd;&#xa;&lt;p>&amp;nbsp;&lt;/p>&#xd;&#xa;&lt;p>&amp;nbsp;&lt;/p>&#xd;&#xa;"
                    textIsRich="true">
                    <cq:responsive jcr:primaryType="nt:unstructured">
                        <default
                            jcr:primaryType="nt:unstructured"
                            offset="0"
                            width="3"/>
                        <phone
                            jcr:primaryType="nt:unstructured"
                            offset="1"
                            width="11"/>
                    </cq:responsive>
                </text_197302128_copy>
                <text_197302128_copy_631702609
                    jcr:lastModified="{Date}2021-02-24T15:59:33.206+02:00"
                    jcr:lastModifiedBy="admin"
                    jcr:primaryType="nt:unstructured"
                    sling:resourceType="venia/components/text"
                    text="&lt;p> &lt;/p>&#xd;&#xa;&lt;p>&lt;b>About Us&lt;/b>&lt;/p>&#xd;&#xa;&lt;p> &lt;/p>&#xd;&#xa;&lt;p>Our Story&lt;/p>&#xd;&#xa;&lt;p> &lt;/p>&#xd;&#xa;&lt;p>Email Signup&lt;/p>&#xd;&#xa;&lt;p> &lt;/p>&#xd;&#xa;&lt;p>Give Back&lt;/p>&#xd;&#xa;&lt;p> &lt;/p>&#xd;&#xa;&lt;p> &lt;/p>&#xd;&#xa;"
                    textIsRich="true">
                    <cq:responsive jcr:primaryType="nt:unstructured">
                        <default
                            jcr:primaryType="nt:unstructured"
                            offset="0"
                            width="3"/>
                        <phone
                            jcr:primaryType="nt:unstructured"
                            offset="1"
                            width="11"/>
                    </cq:responsive>
                </text_197302128_copy_631702609>
                <text_197302128_copy_1685680670
                    jcr:primaryType="nt:unstructured"
                    sling:resourceType="venia/components/text"
                    text="&lt;p>&amp;nbsp;&lt;/p>&#xd;&#xa;&lt;p>&lt;b>Help&lt;/b>&lt;/p>&#xd;&#xa;&lt;p>&amp;nbsp;&lt;/p>&#xd;&#xa;&lt;p>Live Chat&lt;/p>&#xd;&#xa;&lt;p>&amp;nbsp;&lt;/p>&#xd;&#xa;&lt;p>Contact Us&lt;/p>&#xd;&#xa;&lt;p>&amp;nbsp;&lt;/p>&#xd;&#xa;&lt;p>Order Status&lt;/p>&#xd;&#xa;&lt;p>&amp;nbsp;&lt;/p>&#xd;&#xa;&lt;p>Returns&lt;/p>&#xd;&#xa;&lt;p>&amp;nbsp;&lt;/p>&#xd;&#xa;&lt;p>&amp;nbsp;&lt;/p>&#xd;&#xa;"
                    textIsRich="true">
                    <cq:responsive jcr:primaryType="nt:unstructured">
                        <default
                            jcr:primaryType="nt:unstructured"
                            offset="0"
                            width="3"/>
                        <phone
                            jcr:primaryType="nt:unstructured"
                            offset="1"
                            width="11"/>
                    </cq:responsive>
                </text_197302128_copy_1685680670>
                <text_197302128
                    jcr:primaryType="nt:unstructured"
                    sling:resourceType="venia/components/text"
                    text="&lt;p>&amp;nbsp;&lt;/p>&#xd;&#xa;&lt;p>&lt;b>Follow Us!&lt;/b>&lt;/p>&#xd;&#xa;&lt;p>&amp;nbsp;&lt;/p>&#xd;&#xa;&lt;p>Lorem ipsum dolor sit amet, consectetur adipsicing elit, sed do eiusmod tempor incididunt ut labore et dolore.&lt;/p>&#xd;&#xa;&lt;p>&amp;nbsp;&lt;/p>&#xd;&#xa;"
                    textIsRich="true">
                    <cq:responsive jcr:primaryType="nt:unstructured">
                        <default
                            jcr:primaryType="nt:unstructured"
                            offset="0"
                            width="3"/>
                        <phone
                            jcr:primaryType="nt:unstructured"
                            offset="1"
                            width="11"/>
                    </cq:responsive>
                </text_197302128>
                <separator
                    jcr:primaryType="nt:unstructured"
                    sling:resourceType="venia/components/separator"/>
                <text
                    jcr:primaryType="nt:unstructured"
                    sling:resourceType="venia/components/text"
                    id="footerCopyright"
                    text="&lt;p>Copyright 2020, Venia.&amp;nbsp;All rights reserved.&lt;/p>&#xd;&#xa;&lt;p>345 Park Avenue,&amp;nbsp;San Jose, CA 95110-2704, USA&lt;/p>&#xd;&#xa;"
                    textIsRich="true"/>
            </container>
        </root>
    </jcr:content>
</jcr:root>
