<?xml version="1.0" encoding="UTF-8"?>
<jcr:root xmlns:sling="http://sling.apache.org/jcr/sling/1.0" xmlns:cq="http://www.day.com/jcr/cq/1.0" xmlns:jcr="http://www.jcp.org/jcr/1.0" xmlns:mix="http://www.jcp.org/jcr/mix/1.0" xmlns:nt="http://www.jcp.org/jcr/nt/1.0"
    jcr:primaryType="cq:Page">
    <jcr:content
        cq:lastModified="{Date}2021-10-15T11:16:14.276+02:00"
        cq:lastModifiedBy="admin"
        cq:lastRolledoutBy="admin"
        cq:robotsTags="noindex"
        cq:template="/conf/venia/settings/wcm/templates/page-content"
        jcr:isCheckedOut="{Boolean}true"
        jcr:mixinTypes="[cq:LiveRelationship,mix:versionable]"
        jcr:primaryType="cq:PageContent"
        jcr:title="Not Found"
        jcr:uuid="cd6bed83-c719-4518-8702-fb6e3281e44c"
        sling:resourceType="venia/components/page"
        pwaCachestrategy="staleWhileRevalidate"
        pwaDisplay="standalone"
        pwaOrientation="any">
        <root
            cq:lastRolledout="{Date}2021-10-15T11:13:25.907+02:00"
            cq:lastRolledoutBy="admin"
            jcr:mixinTypes="[cq:LiveRelationship]"
            jcr:primaryType="nt:unstructured"
            sling:resourceType="venia/components/container">
            <container
                cq:lastRolledout="{Date}2021-10-15T11:13:25.915+02:00"
                cq:lastRolledoutBy="admin"
                jcr:mixinTypes="[cq:LiveRelationship]"
                jcr:primaryType="nt:unstructured"
                sling:resourceType="venia/components/container">
                <title
                    cq:lastRolledout="{Date}2021-10-15T11:13:25.920+02:00"
                    cq:lastRolledoutBy="admin"
                    jcr:mixinTypes="[cq:LiveRelationship]"
                    jcr:primaryType="nt:unstructured"
                    sling:resourceType="venia/components/title"/>
                <container
                    cq:lastRolledout="{Date}2021-10-15T11:13:25.925+02:00"
                    cq:lastRolledoutBy="admin"
                    jcr:mixinTypes="[cq:LiveRelationship]"
                    jcr:primaryType="nt:unstructured"
                    sling:resourceType="venia/components/container"
                    layout="responsiveGrid">
                    <text
                        cq:isCancelledForChildren="{Boolean}true"
                        cq:lastRolledout="{Date}2021-10-15T11:14:51.398+02:00"
                        cq:lastRolledoutBy="admin"
                        jcr:created="{Date}2021-10-15T11:02:52.280+02:00"
                        jcr:createdBy="admin"
                        jcr:lastModified="{Date}2021-10-15T11:15:47.818+02:00"
                        jcr:lastModifiedBy="admin"
                        jcr:mixinTypes="[cq:LiveRelationship,cq:LiveSyncCancelled]"
                        jcr:primaryType="nt:unstructured"
                        sling:resourceType="venia/components/text"
                        text="&lt;p>&amp;nbsp;&lt;/p>&#xd;&#xa;&lt;h1>Ruh-Roh! Page Not Found&lt;/h1>&#xd;&#xa;&lt;p>&amp;nbsp;&lt;/p>&#xd;&#xa;&lt;p>We're sorry, we are unable to fetch this page!&lt;/p>&#xd;&#xa;&lt;p>&amp;nbsp;&lt;/p>&#xd;&#xa;&lt;p>Check out our latest collection of dresses, may you find what you are look for there.&lt;/p>&#xd;&#xa;&lt;p>&amp;nbsp;&lt;/p>&#xd;&#xa;&lt;p>&amp;nbsp;&lt;/p>&#xd;&#xa;"
                        textIsRich="true">
                        <cq:responsive jcr:primaryType="nt:unstructured">
                            <default
                                jcr:primaryType="nt:unstructured"
                                offset="1"
                                width="10"/>
                        </cq:responsive>
                    </text>
                    <productcarousel
                        jcr:created="{Date}2021-10-15T11:09:26.772+02:00"
                        jcr:createdBy="admin"
                        jcr:lastModified="{Date}2021-10-15T11:16:14.273+02:00"
                        jcr:lastModifiedBy="admin"
                        jcr:primaryType="nt:unstructured"
                        sling:resourceType="venia/components/commerce/productcarousel"
                        product="[VD01,VD08,VD12,VD10,VD04]"
                        productType="[combinedSku,combinedSku,combinedSku,combinedSku,combinedSku]"
                        titleType="h2">
                        <cq:responsive jcr:primaryType="nt:unstructured">
                            <default
                                jcr:primaryType="nt:unstructured"
                                offset="1"
                                width="10"/>
                        </cq:responsive>
                    </productcarousel>
                </container>
            </container>
        </root>
    </jcr:content>
</jcr:root>
