<?xml version="1.0" encoding="UTF-8"?>
<jcr:root xmlns:sling="http://sling.apache.org/jcr/sling/1.0" 
    xmlns:cq="http://www.day.com/jcr/cq/1.0" 
    xmlns:jcr="http://www.jcp.org/jcr/1.0" 
    xmlns:nt="http://www.jcp.org/jcr/nt/1.0" 
    jcr:primaryType="cq:Page">
    <jcr:content cq:contextHubPath="/etc/cloudsettings/default/contexthub" 
        cq:contextHubSegmentsPath="/etc/segmentation/contexthub" 
        cq:template="/conf/venia/settings/wcm/templates/landing-page" 
        cq:allowedTemplates="[/conf/venia/settings/wcm/templates/(?!(landing|root)).*]" 
        cq:cifCategoryPage="/content/venia/us/en/products/category-page" 
        cq:cifProductPage="/content/venia/us/en/products/product-page" 
        cq:cifSearchResultsPage="/content/venia/us/en/search"
        cq:propertyInheritanceCancelled="[jcr:language]"
        jcr:mixinTypes="[cq:LiveRelationship,cq:LiveSync,cq:PropertyLiveSyncCancelled]"
        jcr:primaryType="cq:PageContent" 
        jcr:title="Venia Demo Store - Home"
        navRoot="{Boolean}true" 
        sling:resourceType="venia/components/page"
        sling:sitemapRoot="{Boolean}true"
        pageTitle="Home">
        <root jcr:primaryType="nt:unstructured"
            jcr:mixinTypes="[cq:LiveRelationship]"
            sling:resourceType="venia/components/container" 
            layout="responsiveGrid">
            <container jcr:primaryType="nt:unstructured"
                jcr:mixinTypes="[cq:LiveRelationship]"
                sling:resourceType="venia/components/container">
                <container jcr:primaryType="nt:unstructured"
                    jcr:mixinTypes="[cq:LiveRelationship]"
                    sling:resourceType="venia/components/container" 
                    layout="responsiveGrid">
                    <heroimage
                        jcr:mixinTypes="[cq:LiveRelationship]" 
                        jcr:primaryType="nt:unstructured" 
                        sling:resourceType="venia/components/heroimage" 
                        fileReference="/content/dam/venia/landing_page_hero.jpg" 
                        heading="All-new reference storefront" 
                        title="venia" />
                </container>
            </container>
        </root>
        <cq:LiveSyncConfig cq:isDeep="{Boolean}true" 
            cq:master="/content/venia/language-masters/en" 
            cq:rolloutConfigs="[/libs/msm/wcm/rolloutconfigs/default]" 
            jcr:primaryType="cq:LiveCopy" />
    </jcr:content>
</jcr:root>
